image_path,label
data\processed\toyota\images346.jpg,6
data\processed\lexus\images64.jpg,1
data\processed\skoda\images154.jpg,5
data\processed\toyota\images363.jpg,6
data\processed\mercedes\large.JPG.jpg,3
data\processed\hyundai\large.jpg,0
data\processed\mercedes\images271.jpg,3
data\processed\skoda\images29.jpg,5
data\processed\hyundai\images340.jpg,0
data\processed\mazda\Mazda-Logo-Feat.-Image1-700x435.jpg,2
data\processed\volkswagen\vwffgga.jpg,7
data\processed\volkswagen\images208.jpg,7
data\processed\hyundai\11.5cm20x205.5cm-1024x768.jpg,0
data\processed\hyundai\image-260nw-727858813.jpg,0
data\processed\opel\images313.jpg,4
data\processed\opel\images340.jpg,4
data\processed\skoda\images14.jpg,5
data\processed\toyota\a3.jpg,6
data\processed\hyundai\images267.jpg,0
data\processed\toyota\maxresdefault.jpg,6
data\processed\volkswagen\images348.jpg,7
data\processed\toyota\a14.jpg,6
data\processed\opel\images479.jpg,4
data\processed\lexus\images93.jpg,1
data\processed\toyota\images227.jpg,6
data\processed\toyota\images50.jpg,6
data\processed\mazda\0011.jpg,2
data\processed\opel\images111.jpg,4
data\processed\mercedes\images314.jpg,3
data\processed\opel\images238.jpg,4
data\processed\volkswagen\vefg.jpg,7
data\processed\mercedes\images291.jpg,3
data\processed\skoda\images124.jpg,5
data\processed\skoda\images443.jpg,5
data\processed\hyundai\images319.jpg,0
data\processed\hyundai\images244.jpg,0
data\processed\toyota\images118.jpg,6
data\processed\volkswagen\images342.jpg,7
data\processed\toyota\images117.jpg,6
data\processed\toyota\images366.jpg,6
data\processed\hyundai\images152.jpg,0
data\processed\lexus\images55.jpg,1
data\processed\volkswagen\images286.jpg,7
data\processed\lexus\images178.jpg,1
data\processed\mercedes\images377.jpg,3
data\processed\lexus\a28.jpg,1
data\processed\skoda\skoda-logo-3-sticker.jpg,5
data\processed\opel\images359.jpg,4
data\processed\toyota\images347.jpg,6
data\processed\lexus\images142.jpg,1
data\processed\mercedes\images183.jpg,3
data\processed\skoda\0_org_zoom.jpg,5
data\processed\opel\opel-logo-amblem-sicrama-oto-sticker_401207967.jpg,4
data\processed\toyota\images329.jpg,6
data\processed\lexus\a29.jpg,1
data\processed\mercedes\images239.jpg,3
data\processed\toyota\logo_Toyota.jpg,6
data\processed\lexus\images14.jpg,1
data\processed\lexus\images121.jpg,1
data\processed\hyundai\images138.jpg,0
data\processed\lexus\lop8437w.jpg,1
data\processed\mazda\2bfe65es-1920.jpg,2
data\processed\mazda\mazda-logo-adesivo-prespaziato.jpg,2
data\processed\skoda\images417.jpg,5
data\processed\mazda\55338337271.jpg,2
data\processed\mercedes\images66.jpg,3
data\processed\hyundai\kisspng-hyundai-motor-company-car-vector-graphics-logo-5b6c48f5eff857.8957045915338232219829.jpg,0
data\processed\volkswagen\vw123r.jpg,7
data\processed\hyundai\images348.jpg,0
data\processed\hyundai\images373.jpg,0
data\processed\volkswagen\images179.jpg,7
data\processed\toyota\images209.jpg,6
data\processed\hyundai\images382.jpg,0
data\processed\opel\images335.jpg,4
data\processed\opel\a4.jpg,4
data\processed\mercedes\images137.jpg,3
data\processed\hyundai\images77.jpg,0
data\processed\hyundai\images392.jpg,0
data\processed\hyundai\images72.jpg,0
data\processed\volkswagen\images34.jpg,7
data\processed\hyundai\images130.jpg,0
data\processed\toyota\images348.jpg,6
data\processed\toyota\images72.jpg,6
data\processed\skoda\images13.jpg,5
data\processed\opel\opel-yeni-logo.jpg,4
data\processed\opel\a11.jpg,4
data\processed\toyota\images15.jpg,6
data\processed\mazda\kk22.jpg,2
data\processed\hyundai\images435.jpg,0
data\processed\lexus\images34.jpg,1
data\processed\lexus\images143.jpg,1
data\processed\mercedes\images110.jpg,3
data\processed\volkswagen\a25.jpg,7
data\processed\opel\images226.jpg,4
data\processed\opel\cc.jpg,4
data\processed\toyota\images151.jpg,6
data\processed\volkswagen\images62.jpg,7
data\processed\opel\images361.jpg,4
data\processed\mazda\56c433u-960.jpg,2
data\processed\toyota\images173.jpg,6
data\processed\toyota\images113.jpg,6
data\processed\opel\images128.jpg,4
data\processed\toyota\images9.jpg,6
data\processed\opel\images87.jpg,4
data\processed\hyundai\images69.jpg,0
data\processed\lexus\images272.jpg,1
data\processed\mazda\Reuters-Mazda-automotriz.jpg,2
data\processed\opel\images259.jpg,4
data\processed\hyundai\images141.jpg,0
data\processed\mercedes\images161.jpg,3
data\processed\lexus\images10.jpg,1
data\processed\hyundai\images103.jpg,0
data\processed\lexus\images244.jpg,1
data\processed\toyota\images150.jpg,6
data\processed\mazda\Mazda-schitaet-nerentabel60ny60m-svoe-uchastie-v-Parizhskom-avtosalone.jpg,2
data\processed\toyota\images213.jpg,6
data\processed\toyota\thumb2-toyota-wooden-logo-4k-wooden-backgrounds-cars-brands-toyota-logo.jpg,6
data\processed\mazda\file1.php.jpg,2
data\processed\opel\images306.jpg,4
data\processed\volkswagen\images335.jpg,7
data\processed\lexus\11195329773618.jpg,1
data\processed\mercedes\images207.jpg,3
data\processed\hyundai\images317.jpg,0
data\processed\opel\images83.jpg,4
data\processed\lexus\images208.jpg,1
data\processed\skoda\images132.jpg,5
data\processed\lexus\000003.jpg,1
data\processed\mercedes\images10.jpg,3
data\processed\mercedes\085_td_3_2.jpg,3
data\processed\volkswagen\a33.jpg,7
data\processed\opel\images116.jpg,4
data\processed\mercedes\images367.jpg,3
data\processed\opel\images419.jpg,4
data\processed\lexus\images150.jpg,1
data\processed\lexus\images120.jpg,1
data\processed\hyundai\images171.jpg,0
data\processed\toyota\a16.jpg,6
data\processed\mercedes\images55.jpg,3
data\processed\volkswagen\vw19.jpg,7
data\processed\skoda\1_org_zoom1.jpg,5
data\processed\hyundai\images13.jpg,0
data\processed\opel\images143.jpg,4
data\processed\mazda\mazlkjhgftyuioda2.jpg,2
data\processed\volkswagen\vww.jpg,7
data\processed\opel\images109.jpg,4
data\processed\hyundai\images26.jpg,0
data\processed\volkswagen\images263.jpg,7
data\processed\toyota\images302.jpg,6
data\processed\mazda\DwAAAgLaWeA-960.jpg,2
data\processed\opel\images232.jpg,4
data\processed\mercedes\images52.jpg,3
data\processed\opel\images326.jpg,4
data\processed\lexus\images128.jpg,1
data\processed\opel\images223.jpg,4
data\processed\volkswagen\vw1122ee.jpg,7
data\processed\skoda\images456.jpg,5
data\processed\volkswagen\0dyrtnsy-1-627x425.jpg,7
data\processed\volkswagen\vwevw.jpg,7
data\processed\toyota\images237.jpg,6
data\processed\toyota\images334.jpg,6
data\processed\mercedes\images6.jpg,3
data\processed\opel\images160.jpg,4
data\processed\mercedes\images294.jpg,3
data\processed\opel\images381.jpg,4
data\processed\volkswagen\basliksiz-1-Jf3Q_cover.jpg,7
data\processed\mercedes\images20.jpg,3
data\processed\hyundai\images442.jpg,0
data\processed\volkswagen\images186.jpg,7
data\processed\mercedes\mercedes-benz-logo-nakC4B1C59F-arma-patches-yama-etiket-embroidery.jpg,3
data\processed\lexus\a14.jpg,1
data\processed\opel\images178.jpg,4
data\processed\skoda\skoda-logo-01.jpg,5
data\processed\opel\opel.jpg,4
data\processed\mazda\logo-thuong-hieu-xe-hoi-5.jpg,2
data\processed\mazda\4b3ad0052e06940fb8f346f6659c754a-768x536.jpg,2
data\processed\lexus\images39.jpg,1
data\processed\skoda\images28.jpg,5
data\processed\skoda\images38.jpg,5
data\processed\lexus\images217.jpg,1
data\processed\mercedes\1_org_zoom1.jpg,3
data\processed\mercedes\images353.jpg,3
data\processed\mazda\s-l10001.jpg,2
data\processed\mercedes\images198.jpg,3
data\processed\mazda\Mazda_wallpapers_455.jpg,2
data\processed\opel\images185.jpg,4
data\processed\lexus\images54.jpg,1
data\processed\toyota\images156.jpg,6
data\processed\toyota\images89.jpg,6
data\processed\skoda\images239.jpg,5
data\processed\skoda\images358.jpg,5
data\processed\volkswagen\2746-01-01-C1959_VW_Volkswagen_Logo.jpg,7
data\processed\mercedes\mrc10.jpg,3
data\processed\skoda\a5.jpg,5
data\processed\skoda\images412.jpg,5
data\processed\skoda\48394-skoda_standard_simple_black.jpg,5
data\processed\mercedes\images270.jpg,3
data\processed\skoda\images164.jpg,5
data\processed\skoda\images394.jpg,5
data\processed\hyundai\images467.jpg,0
data\processed\skoda\1_org_zoom2.jpg,5
data\processed\lexus\a15.jpg,1
data\processed\volkswagen\a26.jpg,7
data\processed\skoda\images352.jpg,5
data\processed\volkswagen\images183.jpg,7
data\processed\hyundai\images448.jpg,0
data\processed\mercedes\images150.jpg,3
data\processed\lexus\images163.jpg,1
data\processed\mazda\Mazda-3-dipimpin-mobil-Decal-Logo-ekor-cahaya-Badge-lambang-stiker-lampu-Cahaya-biru.jpg_640x640.jpg,2
data\processed\mazda\r-Emblem-Badge-Logo-Mazda-1pcs-Black-Red-White-Car-Decal-Sticker.jpg_120x120.jpg,2
data\processed\lexus\a16.jpg,1
data\processed\mercedes\11211588239410.jpg,3
data\processed\mazda\photo-thumb-6092.jpg,2
data\processed\hyundai\images393.jpg,0
data\processed\skoda\images7.jpg,5
data\processed\opel\images127.jpg,4
data\processed\volkswagen\images185.jpg,7
data\processed\volkswagen\images192.jpg,7
data\processed\volkswagen\images360.jpg,7
data\processed\mazda\img56397178.jpg,2
data\processed\mazda\5b80545s-960.jpg,2
data\processed\mercedes\images149.jpg,3
data\processed\opel\images179.jpg,4
data\processed\mercedes\Mercedes_logo-2-660x330.jpg,3
data\processed\toyota\images26.jpg,6
data\processed\mercedes\images258.jpg,3
data\processed\skoda\s9l4p13713236769.jpg,5
data\processed\volkswagen\images165.jpg,7
data\processed\volkswagen\images327.jpg,7
data\processed\lexus\images276.jpg,1
data\processed\mazda\2019-Mazda-3-18-980x653.jpg,2
data\processed\hyundai\images75.jpg,0
data\processed\lexus\ta-car-luxury-vehicle-cars-logo-brands-5ad3c055449d87.3701710715238267732811.jpg,1
data\processed\toyota\images299.jpg,6
data\processed\hyundai\images412.jpg,0
data\processed\toyota\images116.jpg,6
data\processed\mazda\TASS_39852168.jpg,2
data\processed\lexus\a3aac448d706be338e515410cb212144.jpg,1
data\processed\mercedes\images259.jpg,3
data\processed\hyundai\images353.jpg,0
data\processed\lexus\images225.jpg,1
data\processed\opel\images240.jpg,4
data\processed\skoda\a4.jpg,5
data\processed\lexus\images76.jpg,1
data\processed\hyundai\image-260nw-601450457.jpg,0
data\processed\skoda\images102.jpg,5
data\processed\hyundai\images230.jpg,0
data\processed\volkswagen\images14.jpg,7
data\processed\volkswagen\vw21e.jpg,7
data\processed\mercedes\images169.jpg,3
data\processed\skoda\images72.jpg,5
data\processed\volkswagen\a31.jpg,7
data\processed\hyundai\images357.jpg,0
data\processed\volkswagen\images277.jpg,7
data\processed\skoda\fpostersmallwall_textureproduct750x1000.jpg,5
data\processed\toyota\images361.jpg,6
data\processed\hyundai\images421.jpg,0
data\processed\hyundai\9919115362354.jpg,0
data\processed\mercedes\images268.jpg,3
data\processed\mazda\c1_15038d2a.jpg,2
data\processed\skoda\images408.jpg,5
data\processed\skoda\images120.jpg,5
data\processed\hyundai\images445.jpg,0
data\processed\mazda\000-3d-model-Mazda2BLogo.jpg,2
data\processed\skoda\images170.jpg,5
data\processed\toyota\a20.jpg,6
data\processed\volkswagen\images42.jpg,7
data\processed\mazda\1-1161503.jpg,2
data\processed\opel\images131.jpg,4
data\processed\opel\images332.jpg,4
data\processed\mercedes\images24.jpg,3
data\processed\mercedes\images337.jpg,3
data\processed\volkswagen\vwe1aa.jpg,7
data\processed\toyota\images222.jpg,6
data\processed\hyundai\images126.jpg,0
data\processed\skoda\images178.jpg,5
data\processed\mercedes\images68.jpg,3
data\processed\volkswagen\a6.jpg,7
data\processed\hyundai\images11.jpg,0
data\processed\mazda\mazdalogo1.jpg,2
data\processed\lexus\wp4045541.jpg,1
data\processed\skoda\images161.jpg,5
data\processed\hyundai\images333.jpg,0
data\processed\opel\images217.jpg,4
data\processed\lexus\images207.jpg,1
data\processed\mazda\152744-mazda-issues-urgent-recall-for-three-popular-car-models.jpg,2
data\processed\lexus\512BqAhR4EAL.jpg,1
data\processed\toyota\a18.jpg,6
data\processed\toyota\images246.jpg,6
data\processed\skoda\images392.jpg,5
data\processed\toyota\images61.jpg,6
data\processed\skoda\images353.jpg,5
data\processed\mazda\thumb_1.jpg,2
data\processed\toyota\a7.jpg,6
data\processed\lexus\images127.jpg,1
data\processed\mercedes\images275.jpg,3
data\processed\mazda\102315_market_report.jpg,2
data\processed\skoda\images217.jpg,5
data\processed\volkswagen\images5.jpg,7
data\processed\opel\images316.jpg,4
data\processed\hyundai\images193.jpg,0
data\processed\lexus\lexus-logo-on-a-car-2F8M1H8.jpg,1
data\processed\toyota\images133.jpg,6
data\processed\hyundai\images360.jpg,0
data\processed\mercedes\images201.jpg,3
data\processed\toyota\0_org_zoom1.jpg,6
data\processed\mercedes\images370.jpg,3
data\processed\skoda\images426.jpg,5
data\processed\mazda\mazda7.jpg,2
data\processed\volkswagen\images143.jpg,7
data\processed\skoda\skoda-logo-2-color-label-sticker.jpg,5
data\processed\lexus\images117.jpg,1
data\processed\toyota\images119.jpg,6
data\processed\hyundai\images12.jpg,0
data\processed\toyota\toyota-logo-1.jpg,6
data\processed\volkswagen\images339.jpg,7
data\processed\opel\images392.jpg,4
data\processed\volkswagen\a15.jpg,7
data\processed\skoda\images43.jpg,5
data\processed\volkswagen\images196.jpg,7
data\processed\hyundai\images455.jpg,0
data\processed\toyota\images66.jpg,6
data\processed\toyota\images186.jpg,6
data\processed\mazda\00000010828.jpg,2
data\processed\volkswagen\5C6853601.jpg,7
data\processed\mazda\images13.jpg,2
data\processed\opel\images195.jpg,4
data\processed\lexus\images242.jpg,1
data\processed\skoda\images218.jpg,5
data\processed\hyundai\kharkiv-ukraine-july-hyundai-logo-sign-auto-dealer-trade-service-center-152429529.jpg,0
data\processed\opel\images280.jpg,4
data\processed\mazda\f5ba4d0e4b569f1f8bca5f108e1e9fb9.jpg,2
data\processed\volkswagen\images9.jpg,7
data\processed\hyundai\images65.jpg,0
data\processed\lexus\images100.jpg,1
data\processed\skoda\images419.jpg,5
data\processed\mercedes\22619160a99ce5865e3661d48404f92f.jpg,3
data\processed\lexus\images19.jpg,1
data\processed\opel\6f5480cs-960.jpg,4
data\processed\skoda\images282.jpg,5
data\processed\mazda\mazda16.jpg,2
data\processed\toyota\toyota-yeni-kurumsal-logo.jpg,6
data\processed\mercedes\images200.jpg,3
data\processed\hyundai\images83.jpg,0
data\processed\hyundai\images415.jpg,0
data\processed\mazda\mazda-logo-wallpaper-12.jpg,2
data\processed\volkswagen\images270.jpg,7
data\processed\volkswagen\9543836467250.jpg,7
data\processed\toyota\images267.jpg,6
data\processed\mercedes\r-logo-gray-carbon-fiber-background-mercedes-benz-metal-emblem-mercedes-benz.jpg,3
data\processed\mercedes\images32.jpg,3
data\processed\toyota\images101.jpg,6
data\processed\toyota\images126.jpg,6
data\processed\toyota\images215.jpg,6
data\processed\mercedes\images284.jpg,3
data\processed\opel\images228.jpg,4
data\processed\opel\images341.jpg,4
data\processed\mazda\mazda-logo-saten-arac-yastigi-5-renk-ve-ahsap-anahtarlik__0685368173413815.jpg,2
data\processed\volkswagen\images333.jpg,7
data\processed\lexus\images296.jpg,1
data\processed\hyundai\images465.jpg,0
data\processed\hyundai\images294.jpg,0
data\processed\volkswagen\5ad92633ae78491fe8546ef3.jpg,7
data\processed\toyota\a13.jpg,6
data\processed\mercedes\images89.jpg,3
data\processed\mercedes\mercedes-benz-social-distancing-logo.jpg,3
data\processed\opel\images418.jpg,4
data\processed\skoda\images134.jpg,5
data\processed\volkswagen\images355.jpg,7
data\processed\lexus\images13.jpg,1
data\processed\lexus\images199.jpg,1
data\processed\mercedes\images358.jpg,3
data\processed\volkswagen\2520829_575e94f2265d99c47765e61f08131a8b.jpg,7
data\processed\lexus\images23.jpg,1
data\processed\opel\images254.jpg,4
data\processed\mazda\mazda1.jpg,2
data\processed\mercedes\images334.jpg,3
data\processed\opel\0001.jpg,4
data\processed\skoda\images32.jpg,5
data\processed\skoda\images50.jpg,5
data\processed\toyota\images194.jpg,6
data\processed\mazda\1qAAAgBa3eA-960.jpg,2
data\processed\volkswagen\images45.jpg,7
data\processed\skoda\images140.jpg,5
data\processed\volkswagen\images193.jpg,7
data\processed\opel\images350.jpg,4
data\processed\mazda\0000_51_852.jpg,2
data\processed\mazda\3.jpg,2
data\processed\mercedes\142727974_max.jpg,3
data\processed\hyundai\images277.jpg,0
data\processed\toyota\images129.jpg,6
data\processed\opel\aachen-germany-february-2017-opel-260nw-592216823.jpg,4
data\processed\volkswagen\images234.jpg,7
data\processed\skoda\images111.jpg,5
data\processed\mercedes\images205.jpg,3
data\processed\mazda\mazda6.jpg,2
data\processed\toyota\images342.jpg,6
data\processed\hyundai\5e8c825355427e1a70d155fd.jpg,0
data\processed\opel\images494.jpg,4
data\processed\toyota\images107.jpg,6
data\processed\volkswagen\images309.jpg,7
data\processed\mercedes\h9bbbv47-900.jpg,3
data\processed\toyota\images220.jpg,6
data\processed\volkswagen\images35.jpg,7
data\processed\hyundai\NTNP_logo_HORIZ_Rev.jpg,0
data\processed\volkswagen\images295.jpg,7
data\processed\toyota\images308.jpg,6
data\processed\toyota\images109.jpg,6
data\processed\volkswagen\vew.jpg,7
data\processed\skoda\792c9e9ace8c41f2ad69a0031352f90f.jpg,5
data\processed\toyota\1_org_zoom.jpg,6
data\processed\opel\images312.jpg,4
data\processed\toyota\images297.jpg,6
data\processed\volkswagen\images366.jpg,7
data\processed\skoda\4QAAAgFwwuA-960.jpg,5
data\processed\mercedes\images349.jpg,3
data\processed\volkswagen\a11.jpg,7
data\processed\toyota\images283.jpg,6
data\processed\opel\images461.jpg,4
data\processed\opel\images283.jpg,4
data\processed\hyundai\images422.jpg,0
data\processed\lexus\images25.jpg,1
data\processed\toyota\images357.jpg,6
data\processed\mazda\53f7746s-960.jpg,2
data\processed\mercedes\images87.jpg,3
data\processed\skoda\images115.jpg,5
data\processed\hyundai\images19.jpg,0
data\processed\opel\images242.jpg,4
data\processed\skoda\skoda-logo-nakC4B1C59F-arma-peC3A7-brove-yama-patches-etiket-1-e1582121405411.jpg,5
data\processed\skoda\images213.jpg,5
data\processed\hyundai\images374.jpg,0
data\processed\hyundai\images197.jpg,0
data\processed\skoda\images48.jpg,5
data\processed\skoda\images31.jpg,5
data\processed\mazda\Mazda-symbol.jpg,2
data\processed\mazda\mazda-wallpaper-2-high-resolution-car-wallpaper.jpg,2
data\processed\mazda\auto-Kiev-1148200126_1.jpg,2
data\processed\hyundai\images418.jpg,0
data\processed\toyota\images221.jpg,6
data\processed\skoda\images337.jpg,5
data\processed\toyota\images219.jpg,6
data\processed\mercedes\images39.jpg,3
data\processed\skoda\images79.jpg,5
data\processed\skoda\images293.jpg,5
data\processed\mercedes\images36.jpg,3
data\processed\mercedes\images368.jpg,3
data\processed\mercedes\images134.jpg,3
data\processed\mazda\car-mazda-logo-photo-l.jpg,2
data\processed\lexus\a34.jpg,1
data\processed\mercedes\images145.jpg,3
data\processed\skoda\skoda-logo_0282018e0_386.jpg,5
data\processed\volkswagen\vw8.jpg,7
data\processed\opel\images409.jpg,4
data\processed\skoda\images98.jpg,5
data\processed\mercedes\images220.jpg,3
data\processed\opel\a13.jpg,4
data\processed\opel\images169.jpg,4
data\processed\opel\images214.jpg,4
data\processed\volkswagen\images276.jpg,7
data\processed\toyota\images333.jpg,6
data\processed\mercedes\images193.jpg,3
data\processed\lexus\images31.jpg,1
data\processed\volkswagen\images3.jpg,7
data\processed\mazda\4456f2as-200.jpg,2
data\processed\mercedes\images2.jpg,3
data\processed\skoda\10630283755570.jpg,5
data\processed\hyundai\images224.jpg,0
data\processed\skoda\images465.jpg,5
data\processed\opel\images485.jpg,4
data\processed\toyota\images373.jpg,6
data\processed\toyota\images273.jpg,6
data\processed\mazda\24087_478_1.jpg,2
data\processed\lexus\images251.jpg,1
data\processed\opel\a12.jpg,4
data\processed\lexus\images233.jpg,1
data\processed\toyota\images336.jpg,6
data\processed\mazda\novyy-stil-moda-iz-svetodiodov-znak-sveta-dlya-novoy-mazda-6.jpg,2
data\processed\mazda\asr-mazda-logo-saten-arac-yastigi-kirmizi-ve-ahsap-anahtarlik_1_5711369.jpg,2
data\processed\skoda\images444.jpg,5
data\processed\skoda\images370.jpg,5
data\processed\mazda\rBgICV3FBDeAP38CAAAsOzSFp3w408.jpg,2
data\processed\volkswagen\vwbayi.jpg,7
data\processed\mercedes\images88.jpg,3
data\processed\hyundai\images237.jpg,0
data\processed\lexus\images106.jpg,1
data\processed\volkswagen\vw-ticari-logo.jpg,7
data\processed\skoda\images64.jpg,5
data\processed\mercedes\depositphotos_160838810-stock-photo-an-image-of-a-mercedes.jpg,3
data\processed\hyundai\images472.jpg,0
data\processed\toyota\images326.jpg,6
data\processed\volkswagen\images315.jpg,7
data\processed\volkswagen\vwe1122.jpg,7
data\processed\mercedes\images251.jpg,3
data\processed\volkswagen\images51.jpg,7
data\processed\mazda\thumb1500x1500x1x0604be8e39cab1737b19c3cf3fa5f2a9-2077.jpg,2
data\processed\lexus\a23.jpg,1
data\processed\toyota\images163.jpg,6
data\processed\hyundai\images417.jpg,0
data\processed\opel\images446.jpg,4
data\processed\mercedes\mrc8.jpg,3
data\processed\lexus\aa2.jpg,1
data\processed\mazda\5b456a12013a7d1b3a762dc8f72b3211.jpg,2
data\processed\mazda\mazda-car-ford-motor-company-logo-clip-art-mazda-thumb.jpg,2
data\processed\mercedes\images58.jpg,3
data\processed\skoda\images36.jpg,5
data\processed\mercedes\images22.jpg,3
data\processed\skoda\images234.jpg,5
data\processed\mazda\b6c433u-960.jpg,2
data\processed\opel\images165.jpg,4
data\processed\hyundai\images403.jpg,0
data\processed\opel\images235.jpg,4
data\processed\mazda\images238.jpg,2
data\processed\mazda\Mazda-logo-wallpaper-001.jpg,2
data\processed\volkswagen\images250.jpg,7
data\processed\toyota\images315.jpg,6
data\processed\mazda\Mazda2Blogo2BCHANGED.jpg,2
data\processed\skoda\9543831519282.jpg,5
data\processed\hyundai\images165.jpg,0
data\processed\opel\images297.jpg,4
data\processed\opel\images376.jpg,4
data\processed\toyota\a4.jpg,6
data\processed\mercedes\images78.jpg,3
data\processed\hyundai\images185.jpg,0
data\processed\lexus\images284.jpg,1
data\processed\volkswagen\images98.jpg,7
data\processed\skoda\images122.jpg,5
data\processed\toyota\images33.jpg,6
data\processed\mazda\mzi.mnivtodo.jpg,2
data\processed\toyota\images132.jpg,6
data\processed\lexus\lexuslogo-300x212.jpg,1
data\processed\hyundai\images391.jpg,0
data\processed\mercedes\images222.jpg,3
data\processed\opel\opel-kapi-alti-logo-led-hayalet-logo-iki-adet_309770301.jpg,4
data\processed\skoda\a6.jpg,5
data\processed\hyundai\images426.jpg,0
data\processed\volkswagen\images266.jpg,7
data\processed\volkswagen\images21.jpg,7
data\processed\opel\images103.jpg,4
data\processed\skoda\images425.jpg,5
data\processed\skoda\images494.jpg,5
data\processed\skoda\images220.jpg,5
data\processed\lexus\images133.jpg,1
data\processed\hyundai\images419.jpg,0
data\processed\volkswagen\images137.jpg,7
data\processed\skoda\images166.jpg,5
data\processed\mazda\Mazda-logo8.jpg,2
data\processed\opel\11079521435698.jpg,4
data\processed\toyota\images18.jpg,6
data\processed\hyundai\images376.jpg,0
data\processed\mercedes\81wh9zb2ccn31.jpg,3
data\processed\mercedes\images60.jpg,3
data\processed\toyota\images240.jpg,6
data\processed\volkswagen\a34.jpg,7
data\processed\volkswagen\images7.jpg,7
data\processed\hyundai\images202.jpg,0
data\processed\toyota\images330.jpg,6
data\processed\volkswagen\images216.jpg,7
data\processed\mazda\3823c82s-960.jpg,2
data\processed\volkswagen\images274.jpg,7
data\processed\volkswagen\vwee2.jpg,7
data\processed\volkswagen\images207.jpg,7
data\processed\toyota\images155.jpg,6
data\processed\opel\images410.jpg,4
data\processed\lexus\images44.jpg,1
data\processed\opel\untitled-1_168.jpg,4
data\processed\opel\images105.jpg,4
data\processed\mercedes\ahsap-tablo-mercedes-benz-logo-karanlik-mod-12673-1-7a34c5a96aeb465c80b38a22d18c54a5.jpg,3
data\processed\toyota\mqdefault.jpg,6
data\processed\skoda\4941092.jpg,5
data\processed\opel\images187.jpg,4
data\processed\lexus\images250.jpg,1
data\processed\lexus\images232.jpg,1
data\processed\toyota\images115.jpg,6
data\processed\mazda\mazda-bw-1500x1500.jpg,2
data\processed\toyota\images236.jpg,6
data\processed\lexus\images41.jpg,1
data\processed\opel\images141.jpg,4
data\processed\skoda\images2.jpg,5
data\processed\hyundai\images136.jpg,0
data\processed\volkswagen\images267.jpg,7
data\processed\mercedes\images80.jpg,3
data\processed\mazda\images10.jpg,2
data\processed\skoda\1be3c66s-120.jpg,5
data\processed\mercedes\images363.jpg,3
data\processed\skoda\ee0ab7824e75c7030e87dad485d3186c.jpg,5
data\processed\mazda\14145.jpg,2
data\processed\toyota\images159.jpg,6
data\processed\hyundai\images310.jpg,0
data\processed\volkswagen\vw13.jpg,7
data\processed\mazda\5wAAAgIw3-A-960.jpg,2
data\processed\lexus\maxresdefault.jpg,1
data\processed\mercedes\images286.jpg,3
data\processed\volkswagen\vw66.jpg,7
data\processed\mercedes\images177.jpg,3
data\processed\volkswagen\images354.jpg,7
data\processed\mercedes\images113.jpg,3
data\processed\volkswagen\images246.jpg,7
data\processed\skoda\images116.jpg,5
data\processed\mazda\Mazda_e0b2c1fe270251752bbcc272ac50e991-150x150.jpg,2
data\processed\hyundai\images44.jpg,0
data\processed\toyota\images337.jpg,6
data\processed\toyota\images190.jpg,6
data\processed\volkswagen\a8.jpg,7
data\processed\hyundai\images457.jpg,0
data\processed\mercedes\images155.jpg,3
data\processed\toyota\images275.jpg,6
data\processed\mazda\10609662840.jpg,2
data\processed\opel\opel-logo-baskili-otomatik-mekanizmali-kartlik-kc5172935-1-eb9a98f1db9e49a79f9c45116367ae2a.jpg,4
data\processed\volkswagen\images247.jpg,7
data\processed\hyundai\images274.jpg,0
data\processed\toyota\images247.jpg,6
data\processed\lexus\images129.jpg,1
data\processed\volkswagen\images338.jpg,7
data\processed\skoda\images468.jpg,5
data\processed\toyota\toyota-logo-nakC4B1C59F-arma-patch-iC59Fleme-brove-yama-1-e1582121247523.jpg,6
data\processed\volkswagen\images157.jpg,7
data\processed\mercedes\images130.jpg,3
data\processed\lexus\images287.jpg,1
data\processed\skoda\images143.jpg,5
data\processed\toyota\images285.jpg,6
data\processed\opel\opel-logo-HP0RBY.jpg,4
data\processed\lexus\31KIwCwBqtL._AC_SS450_.jpg,1
data\processed\hyundai\images207.jpg,0
data\processed\mercedes\images342.jpg,3
data\processed\mazda\9e3a406s-960.jpg,2
data\processed\hyundai\images352.jpg,0
data\processed\skoda\images159.jpg,5
data\processed\volkswagen\images262.jpg,7
data\processed\mazda\thumb_mazdal1605.jpg,2
data\processed\skoda\skoda-logo-sticker-01614-1-1586871848.jpg,5
data\processed\mazda\mazda-ruft-allein-in-deutschland-104-.jpg,2
data\processed\volkswagen\vw3eef.jpg,7
data\processed\lexus\images167.jpg,1
data\processed\mercedes\images50.jpg,3
data\processed\lexus\images125.jpg,1
data\processed\toyota\images79.jpg,6
data\processed\skoda\images118.jpg,5
data\processed\lexus\images184.jpg,1
data\processed\toyota\images124.jpg,6
data\processed\toyota\images289.jpg,6
data\processed\volkswagen\vw-3306790_960_720.jpg,7
data\processed\skoda\images127.jpg,5
data\processed\opel\images272.jpg,4
data\processed\hyundai\images188.jpg,0
data\processed\lexus\images226.jpg,1
data\processed\opel\images196.jpg,4
data\processed\opel\images356.jpg,4
data\processed\opel\images351.jpg,4
data\processed\hyundai\2223.jpg,0
data\processed\lexus\images135.jpg,1
data\processed\mazda\Mazda-emblema.jpg,2
data\processed\volkswagen\vwe11.jpg,7
data\processed\mercedes\images242.jpg,3
data\processed\hyundai\images395.jpg,0
data\processed\volkswagen\images257.jpg,7
data\processed\skoda\images493.jpg,5
data\processed\mazda\7a1f6ees-960.jpg,2
data\processed\mazda\rs-cash-for-mazda-cars-removals-brisba-5b81394aaaed21.0806225415351954667001.jpg,2
data\processed\opel\opel-logo-sunroof-oto-sticker.jpg,4
data\processed\mazda\926ab06s-960.jpg,2
data\processed\opel\a6.jpg,4
data\processed\volkswagen\vw17.jpg,7
data\processed\lexus\images270.jpg,1
data\processed\mercedes\images276.jpg,3
data\processed\toyota\a19.jpg,6
data\processed\lexus\a12.jpg,1
data\processed\toyota\images280.jpg,6
data\processed\mercedes\images100.jpg,3
data\processed\mercedes\images91.jpg,3
data\processed\mercedes\images51.jpg,3
data\processed\mazda\mazda4.jpg,2
data\processed\toyota\images321.jpg,6
data\processed\volkswagen\images254.jpg,7
data\processed\mercedes\images131.jpg,3
data\processed\volkswagen\41ZLUnM-GQL._AC_SX466_.jpg,7
data\processed\lexus\tarragona-spain-december-lexus-logo-dealership-car-store-136483847.jpg,1
data\processed\skoda\images344.jpg,5
data\processed\skoda\images231.jpg,5
data\processed\mercedes\images30.jpg,3
data\processed\lexus\af_a138p037.jpg,1
data\processed\toyota\s-l300.jpg,6
data\processed\lexus\a20.jpg,1
data\processed\skoda\images476.jpg,5
data\processed\skoda\xskoda-logo-amblem.jpg.pagespeed.ic.qPP7Mz8Wx6.jpg,5
data\processed\volkswagen\images10.jpg,7
data\processed\toyota\images260.jpg,6
data\processed\lexus\images241.jpg,1
data\processed\mercedes\depositphotos_296201990-stock-video-emblem-logo-on-mercedes-benz.jpg,3
data\processed\volkswagen\thumb2-volkswagen-logo.jpg,7
data\processed\volkswagen\images141.jpg,7
data\processed\skoda\images446.jpg,5
data\processed\mazda\353bb9d7ba.jpg,2
data\processed\mercedes\mrc7.jpg,3
data\processed\hyundai\images172.jpg,0
data\processed\opel\images183.jpg,4
data\processed\volkswagen\images13.jpg,7
data\processed\lexus\images174.jpg,1
data\processed\hyundai\images239.jpg,0
data\processed\lexus\images273.jpg,1
data\processed\hyundai\images236.jpg,0
data\processed\hyundai\images22.jpg,0
data\processed\skoda\images206.jpg,5
data\processed\hyundai\images184.jpg,0
data\processed\volkswagen\images19.jpg,7
data\processed\mazda\LogoMazda.jpg,2
data\processed\hyundai\images346.jpg,0
data\processed\volkswagen\vwfaa.jpg,7
data\processed\skoda\images318.jpg,5
data\processed\mazda\image1.jpg,2
data\processed\mazda\MAZDA-car-logo-vacuum-formed-with-borad.jpg_640x640xz.jpg,2
data\processed\toyota\31a9e87ccf23a0fc9813be73ef71fcc4_display_large___a6f64fd9-e0cf-4651-a169-8007946ebc80.jpg,6
data\processed\opel\images302.jpg,4
data\processed\hyundai\images238.jpg,0
data\processed\skoda\images383.jpg,5
data\processed\volkswagen\images31.jpg,7
data\processed\mazda\Mazda-Logo.jpg,2
data\processed\toyota\images59.jpg,6
data\processed\skoda\images375.jpg,5
data\processed\opel\images391.jpg,4
data\processed\mazda\mazda_logo_compact.jpg,2
data\processed\mazda\Mazda-logo-wallpaper-012.jpg,2
data\processed\hyundai\images452.jpg,0
data\processed\mazda\245_big.jpg,2
data\processed\volkswagen\vw11.jpg,7
data\processed\mercedes\images13.jpg,3
data\processed\mercedes\images224.jpg,3
data\processed\mazda\mazda-logo-2-adesivo-prespaziato.jpg,2
data\processed\mercedes\images105.jpg,3
data\processed\lexus\images271.jpg,1
data\processed\skoda\images10.jpg,5
data\processed\opel\images393.jpg,4
data\processed\mercedes\images211.jpg,3
data\processed\skoda\images92.jpg,5
data\processed\opel\images115.jpg,4
data\processed\mercedes\images210.jpg,3
data\processed\opel\images447.jpg,4
data\processed\toyota\images265.jpg,6
data\processed\mazda\mazda3.jpg,2
data\processed\volkswagen\volkswagen-logo-wallpaper-preview.jpg,7
data\processed\mazda\599f2c6c66fb07290b33a894.jpg,2
data\processed\skoda\images130.jpg,5
data\processed\mazda\agencia-mazda-2-3-5-6-cx-3-cx-5-cx-7-cx-9-2019-2823468227.jpg,2
data\processed\mercedes\images338.jpg,3
data\processed\mazda\r1.jpg,2
data\processed\hyundai\images181.jpg,0
data\processed\mazda\tion-Vinyl-Sticker-3D-Stickers-tabs-label-Sticker-Black-White.jpg_220x220q90.jpg,2
data\processed\opel\images229.jpg,4
data\processed\opel\images152.jpg,4
data\processed\opel\images189.jpg,4
data\processed\toyota\images192.jpg,6
data\processed\volkswagen\images236.jpg,7
data\processed\mazda\mazda-logo-web-0.jpg,2
data\processed\skoda\a7.jpg,5
data\processed\mercedes\images250.jpg,3
data\processed\opel\Opel-logo-09D04C0181-seeklogo.com.jpg,4
data\processed\toyota\images88.jpg,6
data\processed\lexus\images228.jpg,1
data\processed\opel\a8.jpg,4
data\processed\skoda\images390.jpg,5
data\processed\mercedes\logo-mercedes-benz-wallpaper-preview.jpg,3
data\processed\mazda\commercial2.jpg,2
data\processed\volkswagen\images349.jpg,7
data\processed\volkswagen\images357.jpg,7
data\processed\mazda\070005.jpg,2
data\processed\opel\images219.jpg,4
data\processed\mercedes\images132.jpg,3
data\processed\hyundai\images137.jpg,0
data\processed\toyota\images371.jpg,6
data\processed\mercedes\images73.jpg,3
data\processed\volkswagen\images290.jpg,7
data\processed\volkswagen\s123.jpg,7
data\processed\opel\images113.jpg,4
data\processed\volkswagen\a32.jpg,7
data\processed\volkswagen\images29.jpg,7
data\processed\lexus\images152.jpg,1
data\processed\skoda\images224.jpg,5
data\processed\lexus\images77.jpg,1
data\processed\hyundai\images177.jpg,0
data\processed\skoda\397_td_3.jpg,5
data\processed\volkswagen\a14.jpg,7
data\processed\mazda\10500.970.jpg,2
data\processed\toyota\images368.jpg,6
data\processed\mazda\MazdaLogo_Front_Wheelsology.JPG.jpg,2
data\processed\hyundai\images307.jpg,0
data\processed\hyundai\images151.jpg,0
data\processed\volkswagen\271b7aeb2f10382326f6b8b7d27e62d8.jpg,7
data\processed\mercedes\images331.jpg,3
data\processed\toyota\images60.jpg,6
data\processed\lexus\images103.jpg,1
data\processed\volkswagen\images2.jpg,7
data\processed\hyundai\images61.jpg,0
data\processed\lexus\images145.jpg,1
data\processed\hyundai\image-260nw-205266196.jpg,0
data\processed\mercedes\images263.jpg,3
data\processed\volkswagen\vwvwvw.jpg,7
data\processed\toyota\images127.jpg,6
data\processed\hyundai\images273.jpg,0
data\processed\hyundai\images385.jpg,0
data\processed\mercedes\images292.jpg,3
data\processed\toyota\images102.jpg,6
data\processed\opel\images389.jpg,4
data\processed\toyota\images95.jpg,6
data\processed\skoda\images59.jpg,5
data\processed\skoda\hm79xr68.jpg,5
data\processed\mazda\6-mazda-cx-3-mazda-demio-fox-ford-mazda-5b24c1c989b049.356509791529135561564.jpg,2
data\processed\volkswagen\images294.jpg,7
data\processed\mazda\ririru226-thumb-146947889616962175441672.jpg,2
data\processed\lexus\images111.jpg,1
data\processed\hyundai\images5.jpg,0
data\processed\skoda\images173.jpg,5
data\processed\mercedes\images62.jpg,3
data\processed\toyota\images53.jpg,6
data\processed\skoda\images439.jpg,5
data\processed\mercedes\images49.jpg,3
data\processed\hyundai\images186.jpg,0
data\processed\opel\images422.jpg,4
data\processed\mazda\4-Colors-Universal-3D-Car-Stickers-and-Decals-For-Mazda-Cars-Auto-Emblem-Logo-Vinyl-Car.jpg,2
data\processed\toyota\images181.jpg,6
data\processed\volkswagen\images251.jpg,7
data\processed\hyundai\images68.jpg,0
data\processed\lexus\images116.jpg,1
data\processed\mercedes\images252.jpg,3
data\processed\hyundai\images148.jpg,0
data\processed\hyundai\images101.jpg,0
data\processed\volkswagen\images101.jpg,7
data\processed\skoda\images415.jpg,5
data\processed\skoda\images369.jpg,5
data\processed\hyundai\images45.jpg,0
data\processed\toyota\images293.jpg,6
data\processed\volkswagen\images318.jpg,7
data\processed\mercedes\images69.jpg,3
data\processed\hyundai\images300.jpg,0
data\processed\mercedes\images295.jpg,3
data\processed\lexus\81NnA6oMEaL._AC_SS450_.jpg,1
data\processed\mercedes\images360.jpg,3
data\processed\hyundai\images173.jpg,0
data\processed\opel\9448514617394.jpg,4
data\processed\toyota\images176.jpg,6
data\processed\skoda\images139.jpg,5
data\processed\lexus\images164.jpg,1
data\processed\volkswagen\images288.jpg,7
data\processed\mercedes\images129.jpg,3
data\processed\opel\images342.jpg,4
data\processed\volkswagen\images255.jpg,7
data\processed\toyota\images230.jpg,6
data\processed\lexus\images291.jpg,1
data\processed\volkswagen\images6.jpg,7
data\processed\mercedes\images14.jpg,3
data\processed\mercedes\mrc18.jpg,3
data\processed\hyundai\images127.jpg,0
data\processed\lexus\a13.jpg,1
data\processed\lexus\images236.jpg,1
data\processed\mazda\987eb25s-480.jpg,2
data\processed\skoda\images9.jpg,5
data\processed\hyundai\images25.jpg,0
data\processed\toyota\images253.jpg,6
data\processed\lexus\images247.jpg,1
data\processed\skoda\images424.jpg,5
data\processed\mazda\mazda10.jpg,2
data\processed\skoda\images241.jpg,5
data\processed\mazda\5AAAAgAwt-A-480.jpg,2
data\processed\lexus\images252.jpg,1
data\processed\skoda\images84.jpg,5
data\processed\mazda\mazda-emblem-sticker-mazda-logo-steering-wheel-emblem-sticker-28061045915828_700x700.jpg,2
data\processed\mazda\Mazdaspeed-Logo-Best-Wallpaper-72725.jpg,2
data\processed\skoda\Skoda-Logo-2-Vinyl-Decal-Sticker__33672.1508640213.jpg,5
data\processed\opel\images484.jpg,4
data\processed\lexus\images35.jpg,1
data\processed\opel\images465.jpg,4
data\processed\hyundai\images32.jpg,0
data\processed\mazda\1541115016194708.jpg,2
data\processed\opel\a1.jpg,4
data\processed\skoda\images447.jpg,5
data\processed\hyundai\images287.jpg,0
data\processed\volkswagen\2420-01-06-C1755_Volkswagen_Logo.jpg,7
data\processed\mercedes\mercedes-benz-yeni-logo-corona-virusu.jpg,3
data\processed\hyundai\images131.jpg,0
data\processed\hyundai\images139.jpg,0
data\processed\toyota\images131.jpg,6
data\processed\volkswagen\a3.jpg,7
data\processed\toyota\toyota-logo-symbol-icon-flag-D59841.jpg,6
data\processed\opel\images110.jpg,4
data\processed\lexus\a5.jpg,1
data\processed\mazda\mazda-logo-02-1024x683.jpg,2
data\processed\mercedes\images44.jpg,3
data\processed\skoda\images423.jpg,5
data\processed\mazda\big_ca4b48613bec5971d4cc5795984d45b7bc1cf566.jpg,2
data\processed\hyundai\images176.jpg,0
data\processed\mazda\DMAAAgOoGuA-1920.jpg,2
data\processed\hyundai\images464.jpg,0
data\processed\mazda\7b257c54a80e5a8d1cddde0e52caecdb.jpg,2
data\processed\skoda\images177.jpg,5
data\processed\volkswagen\images200.jpg,7
data\processed\mazda\a2.jpg,2
data\processed\opel\images420.jpg,4
data\processed\lexus\images63.jpg,1
data\processed\hyundai\images55.jpg,0
data\processed\skoda\images348.jpg,5
data\processed\hyundai\images271.jpg,0
data\processed\volkswagen\878891398vnr.jpg,7
data\processed\volkswagen\vwe21.jpg,7
data\processed\mercedes\images107.jpg,3
data\processed\mercedes\images354.jpg,3
data\processed\opel\images426.jpg,4
data\processed\opel\images337.jpg,4
data\processed\skoda\images148.jpg,5
data\processed\mazda\mazda_logo-3d-model-25692-238048.jpg,2
data\processed\skoda\5df9d35s-1920.jpg,5
data\processed\opel\images399.jpg,4
data\processed\mercedes\images76.jpg,3
data\processed\hyundai\images301.jpg,0
data\processed\skoda\images151.jpg,5
data\processed\hyundai\the-hyundai-logo-M3R30P.jpg,0
data\processed\hyundai\image-260nw-172777184.jpg,0
data\processed\lexus\images219.jpg,1
data\processed\mercedes\10162896830514.jpg,3
data\processed\opel\images231.jpg,4
data\processed\mercedes\images249.jpg,3
data\processed\toyota\images207.jpg,6
data\processed\mercedes\images261.jpg,3
data\processed\volkswagen\image-260nw-269735078.jpg,7
data\processed\skoda\images156.jpg,5
data\processed\mazda\images251.jpg,2
data\processed\skoda\images112.jpg,5
data\processed\mazda\images91.jpg,2
data\processed\toyota\a17.jpg,6
data\processed\hyundai\images473.jpg,0
data\processed\mercedes\mrc14.jpg,3
data\processed\hyundai\images328.jpg,0
data\processed\hyundai\images199.jpg,0
data\processed\lexus\images6.jpg,1
data\processed\volkswagen\a22.jpg,7
data\processed\volkswagen\images280.jpg,7
data\processed\lexus\images122.jpg,1
data\processed\skoda\images53.jpg,5
data\processed\mazda\mazda_logo-3d-model-25451-131315.jpg,2
data\processed\skoda\images319.jpg,5
data\processed\mercedes\Big-Mercedes-Benz-Logo-Eu-Auto-Car-Dealer-Pub-Display-Store-Neon-Sign-Sign.jpg,3
data\processed\toyota\images164.jpg,6
data\processed\toyota\images259.jpg,6
data\processed\toyota\images197.jpg,6
data\processed\hyundai\images95.jpg,0
data\processed\hyundai\images371.jpg,0
data\processed\skoda\images507.jpg,5
data\processed\toyota\images91.jpg,6
data\processed\volkswagen\a19.jpg,7
data\processed\lexus\s-l400.jpg,1
data\processed\toyota\images180.jpg,6
data\processed\lexus\images157.jpg,1
data\processed\opel\d34e604af0ebf26c81f5ede219eca765.jpg,4
data\processed\mazda\1567165602490bb05a84.55719135.jpg,2
data\processed\mazda\Untitled-12.jpg,2
data\processed\hyundai\images316.jpg,0
data\processed\skoda\images433.jpg,5
data\processed\hyundai\images387.jpg,0
data\processed\skoda\images316.jpg,5
data\processed\mazda\mazda_logo-3d-model-25451-131316.jpg,2
data\processed\lexus\images107.jpg,1
data\processed\volkswagen\images269.jpg,7
data\processed\volkswagen\images317.jpg,7
data\processed\hyundai\images231.jpg,0
data\processed\hyundai\images314.jpg,0
data\processed\mazda\mazda3-car-mazda-tribute-mazda-mx-5-faw-mazda-car-brand.jpg,2
data\processed\lexus\images156.jpg,1
data\processed\mazda\5401335763581300412.jpg,2
data\processed\hyundai\images128.jpg,0
data\processed\skoda\images343.jpg,5
data\processed\mazda\_AAAAgJ0NOA-960.jpg,2
data\processed\mercedes\images96.jpg,3
data\processed\volkswagen\vw12.jpg,7
data\processed\volkswagen\images323.jpg,7
data\processed\toyota\images125.jpg,6
data\processed\volkswagen\images237.jpg,7
data\processed\hyundai\images24.jpg,0
data\processed\toyota\toyota-logo-amblem-C3B6zel-krom-kC4B1rmC4B1zC4B1-toyota-anahtarlC4B1k-11400-tl.jpg,6
data\processed\opel\images473.jpg,4
data\processed\skoda\images351.jpg,5
data\processed\toyota\images201.jpg,6
data\processed\opel\images151.jpg,4
data\processed\opel\11579948_opel-zapchasti-corsa-c-emblema-znak-logotip-bampera.jpg,4
data\processed\mazda\Mazda-Team-Joest-logo.jpg,2
data\processed\mazda\MlQJESoFth.jpg,2
data\processed\mazda\image_24377.jpg,2
data\processed\hyundai\images81.jpg,0
data\processed\toyota\images245.jpg,6
data\processed\hyundai\images414.jpg,0
data\processed\volkswagen\a9.jpg,7
data\processed\hyundai\images456.jpg,0
data\processed\skoda\images368.jpg,5
data\processed\volkswagen\images146.jpg,7
data\processed\mazda\7.jpg,2
data\processed\opel\images260.jpg,4
data\processed\skoda\images68.jpg,5
data\processed\mazda\RTfFceAB5KqA8D3myZBda8Oy_Ts-960.jpg,2
data\processed\mercedes\images45.jpg,3
data\processed\mercedes\images217.jpg,3
data\processed\mercedes\images219.jpg,3
data\processed\volkswagen\vn657.jpg,7
data\processed\opel\images369.jpg,4
data\processed\mazda\mazda_logo-3d-model-25451-131314.jpg,2
data\processed\mazda\6f903c04l20-1920.jpg,2
data\processed\mercedes\mrc15.jpg,3
data\processed\skoda\images91.jpg,5
data\processed\volkswagen\a4.jpg,7
data\processed\mazda\mazda_fbimage.jpg,2
data\processed\toyota\images270.jpg,6
data\processed\toyota\images365.jpg,6
data\processed\mercedes\images168.jpg,3
data\processed\opel\00000aaa1.jpg,4
data\processed\hyundai\541px-Hyundai_logo.jpg,0
data\processed\lexus\7045125.jpg,1
data\processed\skoda\9845599633458.jpg,5
data\processed\mazda\fond-ecran-transport-autos-mazda-logo-001.jpg,2
data\processed\opel\1_org_zoom.jpg,4
data\processed\mercedes\images324.jpg,3
data\processed\hyundai\images102.jpg,0
data\processed\volkswagen\images206.jpg,7
data\processed\volkswagen\vw112.jpg,7
data\processed\mercedes\images348.jpg,3
data\processed\skoda\images65.jpg,5
data\processed\mercedes\images77.jpg,3
data\processed\opel\images454.jpg,4
data\processed\skoda\images420.jpg,5
data\processed\opel\images430.jpg,4
data\processed\lexus\images70.jpg,1
data\processed\skoda\images58.jpg,5
data\processed\mercedes\images303.jpg,3
data\processed\volkswagen\vw1q.jpg,7
data\processed\skoda\images96.jpg,5
data\processed\mazda\6aecacu-960.jpg,2
data\processed\mercedes\maxresdefault.jpg,3
data\processed\opel\images354.jpg,4
data\processed\mercedes\images144.jpg,3
data\processed\mazda\636d7as-960.jpg,2
data\processed\toyota\images171.jpg,6
data\processed\toyota\a10.jpg,6
data\processed\toyota\images332.jpg,6
data\processed\toyota\images71.jpg,6
data\processed\opel\depositphotos_257289888-stock-photo-minsk-belarus-march-23-2018.jpg,4
data\processed\skoda\depositphotos_161003860-stock-photo-logo-of-brand-skoda.jpg,5
data\processed\toyota\images322.jpg,6
data\processed\lexus\thumb2-lexus-red-logo-4k-red-brickwall-lexus-logo-cars-brands.jpg,1
data\processed\skoda\images141.jpg,5
data\processed\lexus\tbilisi-georgia-november-11-2018-260nw-1229989369.jpg,1
data\processed\mercedes\images244.jpg,3
data\processed\lexus\images52.jpg,1
data\processed\lexus\a2.jpg,1
data\processed\mercedes\images350.jpg,3
data\processed\lexus\images88.jpg,1
data\processed\volkswagen\images275.jpg,7
data\processed\hyundai\images356.jpg,0
data\processed\opel\images188.jpg,4
data\processed\lexus\images124.jpg,1
data\processed\lexus\images15.jpg,1
data\processed\toyota\images307.jpg,6
data\processed\toyota\images74.jpg,6
data\processed\lexus\a26.jpg,1
data\processed\mercedes\images164.jpg,3
data\processed\mazda\Mazda_logo.jpg,2
data\processed\mazda\Mazda-Mazda-2-1024x1024.jpg,2
data\processed\mazda\59de17d2c9d21.jpg,2
data\processed\hyundai\images276.jpg,0
data\processed\mazda\download.thumb.jpg.520d5369f44cc4eed9cc208bb4cb5de0.jpg,2
data\processed\skoda\images90.jpg,5
data\processed\toyota\images349.jpg,6
data\processed\toyota\images55.jpg,6
data\processed\volkswagen\images160.jpg,7
data\processed\mercedes\images199.jpg,3
data\processed\mercedes\Mercedes-Benz-logo-cover.jpg,3
data\processed\hyundai\images423.jpg,0
data\processed\mercedes\images171.jpg,3
data\processed\hyundai\images4.jpg,0
data\processed\volkswagen\images184.jpg,7
data\processed\mazda\4d-emblem-with-light-mazda-6-led-car-badge-logo-sticker-4d-white_554170.jpg,2
data\processed\toyota\images204.jpg,6
data\processed\skoda\images221.jpg,5
data\processed\volkswagen\images145.jpg,7
data\processed\skoda\images342.jpg,5
data\processed\mazda\b94be8es-960.jpg,2
data\processed\mazda\post-2004-0-57318400-1403318354.jpg,2
data\processed\toyota\images208.jpg,6
data\processed\opel\images216.jpg,4
data\processed\volkswagen\images329.jpg,7
data\processed\mazda\image_01_big.jpg,2
data\processed\mazda\11847_emblema-mazda-s-dvukhtsvetnoy-s.jpg,2
data\processed\volkswagen\vw099.jpg,7
data\processed\opel\images379.jpg,4
data\processed\toyota\images27.jpg,6
data\processed\mercedes\images103.jpg,3
data\processed\lexus\a21.jpg,1
data\processed\hyundai\images124.jpg,0
data\processed\opel\opel9497.jpg,4
data\processed\mercedes\images82.jpg,3
data\processed\toyota\images90.jpg,6
data\processed\mercedes\images19.jpg,3
data\processed\opel\images468.jpg,4
data\processed\mazda\image-cache-data-avto-naklejka-na-avto-av0619-800x800-1200x630.jpg,2
data\processed\mercedes\images361.jpg,3
data\processed\opel\images425.jpg,4
data\processed\toyota\a15.jpg,6
data\processed\skoda\images489.jpg,5
data\processed\lexus\a7.jpg,1
data\processed\mazda\ref_s.jpg,2
data\processed\mazda\QH7p5wE7CUPfWcYlqXpdwQkdYtI-1920.jpg,2
data\processed\mercedes\images273.jpg,3
data\processed\mazda\blemy-iz-svetodiodov-svet-besplatnaya-dostavka-nyu-4d-el-iz-dlya.jpg_640x640.jpg,2
data\processed\hyundai\images226.jpg,0
data\processed\mercedes\images106.jpg,3
data\processed\toyota\images64.jpg,6
data\processed\skoda\images407.jpg,5
data\processed\skoda\images429.jpg,5
data\processed\volkswagen\images226.jpg,7
data\processed\toyota\a12.jpg,6
data\processed\skoda\images82.jpg,5
data\processed\mazda\med_gallery_528_106_1010396.jpg,2
data\processed\toyota\images96.jpg,6
data\processed\toyota\images317.jpg,6
data\processed\mazda\Mazda-6-2018-800-ac.jpg,2
data\processed\opel\images477.jpg,4
data\processed\mercedes\mercedes-logo-3354494__480.jpg,3
data\processed\volkswagen\vwz.jpg,7
data\processed\lexus\a32.jpg,1
data\processed\volkswagen\volkswagen_2019_logo_before_after-1024x426.jpg,7
data\processed\volkswagen\vw2w.jpg,7
data\processed\opel\images275.jpg,4
data\processed\opel\images300.jpg,4
data\processed\mazda\1500x1500_mazda_logo_preview_2_.jpg,2
data\processed\mercedes\images384.jpg,3
data\processed\mazda\imgmazda_5_107917.jpg,2
data\processed\toyota\0_org_zoom.jpg,6
data\processed\volkswagen\a24.jpg,7
data\processed\toyota\images205.jpg,6
data\processed\lexus\3369bd365603d5312408bfd94885c3a4--car-logos-super-car.jpg,1
data\processed\volkswagen\images178.jpg,7
data\processed\lexus\images195.jpg,1
data\processed\mazda\r2.jpg,2
data\processed\lexus\a22.jpg,1
data\processed\skoda\images20.jpg,5
data\processed\mercedes\images23.jpg,3
data\processed\volkswagen\images52.jpg,7
data\processed\mercedes\images272.jpg,3
data\processed\mercedes\images302.jpg,3
data\processed\mercedes\images12.jpg,3
data\processed\mazda\20180927175115801580.jpg,2
data\processed\mercedes\images42.jpg,3
data\processed\mazda\579443.jpg,2
data\processed\opel\images106.jpg,4
data\processed\lexus\aa3.jpg,1
data\processed\hyundai\images56.jpg,0
data\processed\skoda\images287.jpg,5
data\processed\hyundai\images474.jpg,0
data\processed\opel\images257.jpg,4
data\processed\opel\opel-logo-png-png-favpng-aaSHXhkjgBdwbxnnwrY7NXZ27.jpg,4
data\processed\mercedes\image-260nw-1283897827.jpg,3
data\processed\toyota\images303.jpg,6
data\processed\toyota\images170.jpg,6
data\processed\opel\0_org.jpg,4
data\processed\volkswagen\vwbn2.jpg,7
data\processed\lexus\dmWCH9.jpg,1
data\processed\lexus\images84.jpg,1
data\processed\skoda\images335.jpg,5
data\processed\volkswagen\J1IvIJlvCID2uuEBAffw.jpg,7
data\processed\skoda\images431.jpg,5
data\processed\toyota\images70.jpg,6
data\processed\mazda\4f69df7b9396986cfd923dc87c598079.jpg,2
data\processed\toyota\toyota-badge.jpg,6
data\processed\opel\00001.jpg,4
data\processed\toyota\images243.jpg,6
data\processed\toyota\images364.jpg,6
data\processed\opel\images397.jpg,4
data\processed\opel\images266.jpg,4
data\processed\mercedes\images351.jpg,3
data\processed\mazda\mazda-thumbnail2.jpg,2
data\processed\mercedes\images64.jpg,3
data\processed\lexus\images180.jpg,1
data\processed\toyota\images24.jpg,6
data\processed\mercedes\images111.jpg,3
data\processed\mercedes\images246.jpg,3
data\processed\skoda\images386.jpg,5
data\processed\volkswagen\images32.jpg,7
data\processed\mercedes\images56.jpg,3
data\processed\mercedes\C-27-september-2018-close-up-mercedes-benz-logo-and-badge-on-radiator-grille.jpg,3
data\processed\volkswagen\images303.jpg,7
data\processed\mazda\depositphotos_65298031-stock-illustration-metallic-symbol-of-mazda.jpg,2
data\processed\skoda\images24.jpg,5
data\processed\mazda\b03dfbu-100.jpg,2
data\processed\hyundai\images390.jpg,0
data\processed\volkswagen\a28.jpg,7
data\processed\hyundai\images194.jpg,0
data\processed\volkswagen\wolksvagen-logo-nakC4B1C59F-arma-embroidery-patches.jpg,7
data\processed\volkswagen\vw99.jpg,7
data\processed\opel\images276.jpg,4
data\processed\mercedes\images346.jpg,3
data\processed\toyota\images25.jpg,6
data\processed\mazda\gallery_528_106_1010396.jpg,2
data\processed\lexus\images101.jpg,1
data\processed\hyundai\images447.jpg,0
data\processed\mazda\cokoli-lamp-avto_27.jpg,2
data\processed\mazda\image62.jpg,2
data\processed\opel\images298.jpg,4
data\processed\mazda\mazda-emblem-on-a-car-BECEP2.jpg,2
data\processed\toyota\images340.jpg,6
data\processed\hyundai\images40.jpg,0
data\processed\skoda\images440.jpg,5
data\processed\skoda\depositphotos_161003624-stock-photo-logo-of-brand-skoda.jpg,5
data\processed\opel\images162.jpg,4
data\processed\lexus\images153.jpg,1
data\processed\skoda\images242.jpg,5
data\processed\toyota\a1.jpg,6
data\processed\mercedes\images65.jpg,3
data\processed\skoda\images236.jpg,5
data\processed\lexus\images134.jpg,1
data\processed\skoda\images219.jpg,5
data\processed\toyota\images160.jpg,6
data\processed\mazda\1551547610-mazda.jpg,2
data\processed\hyundai\images135.jpg,0
data\processed\volkswagen\images345.jpg,7
data\processed\skoda\images73.jpg,5
data\processed\lexus\images4.jpg,1
data\processed\volkswagen\vw18.jpg,7
data\processed\skoda\images168.jpg,5
data\processed\lexus\ons-nigeria-import-cars-from-usa-to-ni-5b674373830dc0.4234877415334941315368.jpg,1
data\processed\skoda\C-17852__42127.1557819138.jpg,5
data\processed\mercedes\images167.jpg,3
data\processed\toyota\images29.jpg,6
data\processed\volkswagen\a30.jpg,7
data\processed\mercedes\images185.jpg,3
data\processed\mercedes\images34.jpg,3
data\processed\volkswagen\volkswagen-logosunu-degistirdi-iste-vwnin-yeni-logosu-4.jpg,7
data\processed\mercedes\images356.jpg,3
data\processed\volkswagen\volkswagen-previous-logo.jpg,7
data\processed\toyota\images112.jpg,6
data\processed\opel\images372.jpg,4
data\processed\mercedes\images262.jpg,3
data\processed\hyundai\images79.jpg,0
data\processed\volkswagen\volkswagen-logosu-degisiyor.jpg,7
data\processed\mazda\51491f3945179_292598b.jpg,2
data\processed\toyota\a5.jpg,6
data\processed\volkswagen\71iys2ZWDpL._AC_SL1289_.jpg,7
data\processed\mazda\960.jpg,2
data\processed\lexus\images114.jpg,1
data\processed\volkswagen\vwff.jpg,7
data\processed\hyundai\images330.jpg,0
data\processed\lexus\a18.jpg,1
data\processed\mazda\1396694104_0861.250x200.jpg,2
data\processed\toyota\images345.jpg,6
data\processed\skoda\images99.jpg,5
data\processed\mercedes\mrc17.jpg,3
data\processed\hyundai\images477.jpg,0
data\processed\skoda\images56.jpg,5
data\processed\lexus\images22.jpg,1
data\processed\opel\images474.jpg,4
data\processed\skoda\images212.jpg,5
data\processed\lexus\images58.jpg,1
data\processed\hyundai\images329.jpg,0
data\processed\toyota\images142.jpg,6
data\processed\toyota\images8.jpg,6
data\processed\mazda\4x4-MAZDA.jpg,2
data\processed\lexus\images5.jpg,1
data\processed\hyundai\images178.jpg,0
data\processed\mazda\574c0c5237efc.jpg,2
data\processed\mercedes\images265.jpg,3
data\processed\opel\images201.jpg,4
data\processed\opel\images348.jpg,4
data\processed\volkswagen\justin-prawira-0.jpg,7
data\processed\hyundai\1_org_zoom.jpg,0
data\processed\lexus\b9c41c319d800663bde7be2137fa25b5.jpg,1
data\processed\hyundai\images343.jpg,0
data\processed\opel\0_org_zoom1.jpg,4
data\processed\lexus\images130.jpg,1
data\processed\lexus\images85.jpg,1
data\processed\lexus\depositphotos_249585274-stock-photo-lexus-logo-at-kuala-lumpur.jpg,1
data\processed\hyundai\images368.jpg,0
data\processed\toyota\images48.jpg,6
data\processed\lexus\images260.jpg,1
data\processed\lexus\images248.jpg,1
data\processed\hyundai\images427.jpg,0
data\processed\opel\images261.jpg,4
data\processed\hyundai\images3.jpg,0
data\processed\toyota\images46.jpg,6
data\processed\opel\emblema-opel-logo-kupa-bardak-porselen-kc3522548-1-df6f07470c0247378e8fde4c792acb6c.jpg,4
data\processed\toyota\images223.jpg,6
data\processed\mercedes\images16.jpg,3
data\processed\opel\images182.jpg,4
data\processed\mazda\5c73e580f3fd13e7f7145a62eede6c7b.jpg,2
data\processed\toyota\images169.jpg,6
data\processed\mercedes\images214.jpg,3
data\processed\volkswagen\volkswagen_logosunu_degistirdi_iste_yeni_logonun_detaylari_1568125436_6153.jpg,7
data\processed\toyota\toyota-logo1.jpg,6
data\processed\lexus\images32.jpg,1
data\processed\opel\images303.jpg,4
data\processed\volkswagen\5ad92633ae78491fe8546ef1.jpg,7
data\processed\toyota\images360.jpg,6
data\processed\mercedes\images127.jpg,3
data\processed\opel\640xauto.jpg,4
data\processed\hyundai\images6.jpg,0
data\processed\toyota\images75.jpg,6
data\processed\hyundai\images380.jpg,0
data\processed\toyota\a2.jpg,6
data\processed\opel\a2.jpg,4
data\processed\toyota\images312.jpg,6
data\processed\lexus\a6.jpg,1
data\processed\hyundai\images270.jpg,0
data\processed\skoda\images74.jpg,5
data\processed\opel\images126.jpg,4
data\processed\hyundai\images338.jpg,0
data\processed\mercedes\images336.jpg,3
data\processed\mercedes\a800px-Mercedes_Benz_Logo_11-1.jpg,3
data\processed\hyundai\images311.jpg,0
data\processed\hyundai\images475.jpg,0
data\processed\mercedes\images285.jpg,3
data\processed\lexus\smoke_tint_for_lexus_logo_1605679433_ffd01095.jpg,1
data\processed\hyundai\images262.jpg,0
data\processed\lexus\images165.jpg,1
data\processed\volkswagen\images347.jpg,7
data\processed\volkswagen\images258.jpg,7
data\processed\volkswagen\images305.jpg,7
data\processed\mercedes\images264.jpg,3
data\processed\mazda\45b70c2s-960.jpg,2
data\processed\opel\images114.jpg,4
data\processed\skoda\images119.jpg,5
data\processed\toyota\images281.jpg,6
data\processed\skoda\rome-italy-february-16-2017-260nw-580577839.jpg,5
data\processed\opel\images388.jpg,4
data\processed\volkswagen\vw213vw.jpg,7
data\processed\mazda\581f76628d2bf61998d90e5b-large.jpg,2
data\processed\opel\opel-logo-1987-aftermarket-decal-sticker-beyaz-araba-1000x1000.jpg,4
data\processed\hyundai\images272.jpg,0
data\processed\hyundai\images233.jpg,0
data\processed\mazda\20c953as-960.jpg,2
data\processed\hyundai\images86.jpg,0
data\processed\skoda\images314.jpg,5
data\processed\hyundai\images120.jpg,0
data\processed\toyota\Toyota-Logo-Vector-Free-Vector.jpg,6
data\processed\toyota\images274.jpg,6
data\processed\mazda\MAZDA-Theme-for-Pocket-PC_1_71241.jpg,2
data\processed\lexus\images36.jpg,1
data\processed\mazda\5bbc928d75c4b.jpg,2
data\processed\volkswagen\images225.jpg,7
data\processed\hyundai\images432.jpg,0
data\processed\mazda\41SkVMKDLaL.jpg,2
data\processed\volkswagen\images332.jpg,7
data\processed\mercedes\images8.jpg,3
data\processed\opel\images184.jpg,4
data\processed\toyota\images34.jpg,6
data\processed\mercedes\images307.jpg,3
data\processed\lexus\images275.jpg,1
data\processed\toyota\images103.jpg,6
data\processed\volkswagen\vw88.jpg,7
data\processed\mercedes\mercedes-benz-logosu-duvar-kagidi-1920x1080-20976_48.jpg,3
data\processed\hyundai\images62.jpg,0
data\processed\mazda\b752296b53bc.jpg,2
data\processed\lexus\images20.jpg,1
data\processed\skoda\images395.jpg,5
data\processed\lexus\images45.jpg,1
data\processed\toyota\images351.jpg,6
data\processed\toyota\a8.jpg,6
data\processed\mazda\1b5f026cfb44408bb09025c3ae79bb5c.jpg,2
data\processed\mercedes\images223.jpg,3
data\processed\skoda\images357.jpg,5
data\processed\skoda\images39.jpg,5
data\processed\opel\0UAAAgMJpeA-960.jpg,4
data\processed\mercedes\images148.jpg,3
data\processed\mazda\mazda-1_1024x1024.jpg,2
data\processed\skoda\images484.jpg,5
data\processed\toyota\images42.jpg,6
data\processed\skoda\images207.jpg,5
data\processed\skoda\images189.jpg,5
data\processed\opel\images144.jpg,4
data\processed\skoda\skoda-logo-95910.jpg,5
data\processed\mazda\9007029470.jpg,2
data\processed\lexus\images97.jpg,1
data\processed\skoda\images349.jpg,5
data\processed\lexus\images288.jpg,1
data\processed\mazda\5afe789d6c86cb065e3f08321.jpg,2
data\processed\hyundai\images406.jpg,0
data\processed\hyundai\images129.jpg,0
data\processed\mercedes\images208.jpg,3
data\processed\mercedes\images332.jpg,3
data\processed\opel\images424.jpg,4
data\processed\mercedes\images281.jpg,3
data\processed\lexus\images87.jpg,1
data\processed\opel\247befu-480.jpg,4
data\processed\volkswagen\vw41.jpg,7
data\processed\volkswagen\2520829_93c6a36aa4433732c7fe91dcfa96dbc9.jpg,7
data\processed\lexus\images9.jpg,1
data\processed\hyundai\images381.jpg,0
data\processed\lexus\images196.jpg,1
data\processed\mercedes\images61.jpg,3
data\processed\hyundai\images1.jpg,0
data\processed\volkswagen\a7.jpg,7
data\processed\mazda\25d04f089fb4c60d2543faedeed76b14.jpg,2
data\processed\opel\images207.jpg,4
data\processed\mazda\3-x5ft-MazdaSpeed-Banner-Flag-Mazda-Speed-Racing-print-Polyester-banner-flag-Size-150-90cm.jpg,2
data\processed\mazda\Jameo-3D.jpg,2
data\processed\mazda\0001.jpg,2
data\processed\mazda\Mazda-logo-wallpaper-010.jpg,2
data\processed\lexus\images264.jpg,1
data\processed\mercedes\images321.jpg,3
data\processed\skoda\images285.jpg,5
data\processed\mazda\DSC_0002.JPG.jpg,2
data\processed\skoda\images69.jpg,5
data\processed\hyundai\images166.jpg,0
data\processed\skoda\images330.jpg,5
data\processed\skoda\images25.jpg,5
data\processed\opel\Opel-Logo-Arma-Patch-ORJ-001.jpg,4
data\processed\opel\images262.jpg,4
data\processed\opel\images101.jpg,4
data\processed\skoda\images49.jpg,5
data\processed\toyota\images264.jpg,6
data\processed\mercedes\images215.jpg,3
data\processed\toyota\images206.jpg,6
data\processed\volkswagen\vw44.jpg,7
data\processed\lexus\Lexus-logo-gold.jpg,1
data\processed\mazda\d72bd306877e48a493d00f6d2b4648f4.jpg,2
data\processed\mazda\153648860.jpg,2
data\processed\opel\images193.jpg,4
data\processed\skoda\images6.jpg,5
data\processed\skoda\images196.jpg,5
data\processed\mercedes\images305.jpg,3
data\processed\skoda\images474.jpg,5
data\processed\opel\images294.jpg,4
data\processed\mazda\17848079364445.jpg,2
data\processed\opel\images453.jpg,4
data\processed\mercedes\images71.jpg,3
data\processed\skoda\images531.jpg,5
data\processed\mercedes\images179.jpg,3
data\processed\lexus\a9.jpg,1
data\processed\mercedes\images240.jpg,3
data\processed\opel\images378.jpg,4
data\processed\mazda\mazda-to-bring-diesel-engines-in-the-us-12262_1.jpg,2
data\processed\mercedes\images170.jpg,3
data\processed\hyundai\images449.jpg,0
data\processed\volkswagen\w1.jpg,7
data\processed\skoda\images372.jpg,5
data\processed\hyundai\images116.jpg,0
data\processed\mazda\kisspng-mazda-rx-7-car-mazda-rx-8-mazda6-5b3ec8c8d45d05.9910162915308412888699.jpg,2
data\processed\opel\images433.jpg,4
data\processed\toyota\images87.jpg,6
data\processed\hyundai\images322.jpg,0
data\processed\mazda\MazdaLogoAndroidPhoneHDWallpapers.jpg,2
data\processed\opel\images85.jpg,4
data\processed\skoda\images290.jpg,5
data\processed\mercedes\mercedes-benz-car-motor-vehicle-service-luxury-vehicle-mercedes-logo-png.jpg,3
data\processed\mazda\Mazda-emblem-2.jpg,2
data\processed\hyundai\images21.jpg,0
data\processed\opel\a9.jpg,4
data\processed\hyundai\images66.jpg,0
data\processed\opel\images227.jpg,4
data\processed\skoda\540102565_tn50_0.jpg,5
data\processed\mazda\698ff3es-100.jpg,2
data\processed\toyota\images309.jpg,6
data\processed\hyundai\images437.jpg,0
data\processed\lexus\images96.jpg,1
data\processed\opel\images347.jpg,4
data\processed\skoda\c1.jpg,5
data\processed\skoda\images309.jpg,5
data\processed\hyundai\images345.jpg,0
data\processed\lexus\images220.jpg,1
data\processed\mercedes\1200px-Mercedes_Benz_Logo_11-1.jpg,3
data\processed\mazda\mazda_logo_3d_model_3ds_fbx_obj_max_57b58704-9917-4b4e-a5fc-f9f055bce20e.jpg,2
data\processed\toyota\a9.jpg,6
data\processed\skoda\images361.jpg,5
data\processed\mazda\ae7c29e7-mazda-dealer-logo1.jpg,2
data\processed\hyundai\images149.jpg,0
data\processed\volkswagen\1_org_zoom1.jpg,7
data\processed\toyota\images239.jpg,6
data\processed\mazda\ABS-plastic-led-auto-badges-emblems-4s.jpg,2
data\processed\lexus\images108.jpg,1
data\processed\skoda\images202.jpg,5
data\processed\opel\images252.jpg,4
data\processed\opel\images243.jpg,4
data\processed\lexus\images12.jpg,1
data\processed\mazda\MazdaLogo.JPG.jpg,2
data\processed\mazda\-FAST-SHIPPING-Chrome-MazDa-Sticker-3D-MazDa-Logo-Badge-Decal-For-MazDa-3-6-Head.jpg,2
data\processed\skoda\images117.jpg,5
data\processed\volkswagen\images22.jpg,7
data\processed\lexus\images278.jpg,1
data\processed\toyota\images44.jpg,6
data\processed\hyundai\images476.jpg,0
data\processed\toyota\images77.jpg,6
data\processed\toyota\0_org_zoom2.jpg,6
data\processed\hyundai\images85.jpg,0
data\processed\toyota\Toyota-logo-650w.jpg,6
data\processed\skoda\images401.jpg,5
data\processed\volkswagen\images238.jpg,7
data\processed\hyundai\images134.jpg,0
data\processed\toyota\images228.jpg,6
data\processed\toyota\images279.jpg,6
data\processed\hyundai\images175.jpg,0
data\processed\hyundai\images205.jpg,0
data\processed\opel\images458.jpg,4
data\processed\toyota\images76.jpg,6
data\processed\opel\images448.jpg,4
data\processed\lexus\images300.jpg,1
data\processed\toyota\images225.jpg,6
data\processed\hyundai\images265.jpg,0
data\processed\mercedes\Mercedes-Logo-Arma-Patch-ORJ-003.jpg,3
data\processed\hyundai\images132.jpg,0
data\processed\toyota\images231.jpg,6
data\processed\volkswagen\103861.jpg,7
data\processed\lexus\show-at-the-cobo-center-in-detroit-on-january-11-2011-upibrian-kersey-TXFPF7.jpg,1
data\processed\mercedes\images138.jpg,3
data\processed\mazda\2e3f6b4bc352ccd06e368334a17dd65b.jpg,2
data\processed\volkswagen\images36.jpg,7
data\processed\mazda\images77.jpg,2
data\processed\volkswagen\volkswagen-yeni-logo.jpg,7
data\processed\volkswagen\images1.jpg,7
data\processed\lexus\images262.jpg,1
data\processed\mazda\emio-car-ford-motor-company-logo-mazda-5b3f68ea579b01.3390874415308822823589.jpg,2
data\processed\toyota\images100.jpg,6
data\processed\mazda\0013.jpg,2
data\processed\skoda\images51.jpg,5
data\processed\volkswagen\images38.jpg,7
data\processed\mercedes\images245.jpg,3
data\processed\lexus\1d07b86s-1920.jpg,1
data\processed\volkswagen\images241.jpg,7
data\processed\opel\images411.jpg,4
data\processed\hyundai\images375.jpg,0
data\processed\toyota\images251.jpg,6
data\processed\opel\images91.jpg,4
data\processed\opel\a5.jpg,4
data\processed\opel\images192.jpg,4
data\processed\mazda\XSAAAgC9SuA-960.jpg,2
data\processed\hyundai\images159.jpg,0
data\processed\volkswagen\vw.jpg,7
data\processed\opel\images321.jpg,4
data\processed\toyota\images300.jpg,6
data\processed\mercedes\images260.jpg,3
data\processed\lexus\images113.jpg,1
data\processed\skoda\images210.jpg,5
data\processed\mercedes\cf201fe7c3ca73c4f1a35feb6daa55ce.jpg,3
data\processed\skoda\140d97b88f3e252da611edd57ce2d75c.jpg,5
data\processed\opel\opel-logo-at-the-goods-distribution-center-of-the-opel-group-bochum-germany-europe-WX74XE.jpg,4
data\processed\mazda\images221.jpg,2
data\processed\mazda\s-l10002.jpg,2
data\processed\hyundai\images170.jpg,0
data\processed\volkswagen\images159.jpg,7
data\processed\mercedes\images18.jpg,3
data\processed\mazda\2010-Mazda-5-car-PVC-material-logo-light-car-badge-light-auto-led-emblem-light-for.jpg,2
data\processed\volkswagen\images365.jpg,7
data\processed\mercedes\images322.jpg,3
data\processed\lexus\images286.jpg,1
data\processed\opel\images237.jpg,4
data\processed\mercedes\mrc3.jpg,3
data\processed\skoda\images26.jpg,5
data\processed\skoda\images324.jpg,5
data\processed\volkswagen\images285.jpg,7
data\processed\volkswagen\0_org_zoom.jpg,7
data\processed\mazda\signet-3333456_1920-1536x1024.jpg,2
data\processed\volkswagen\images169.jpg,7
data\processed\mazda\635744021825723599-GettyImages-153648937.jpg,2
data\processed\mazda\mazda-logo-3d-model-116168.jpg,2
data\processed\hyundai\cc1.jpg,0
data\processed\volkswagen\a2.jpg,7
data\processed\volkswagen\images202.jpg,7
data\processed\opel\images122.jpg,4
data\processed\hyundai\images133.jpg,0
data\processed\skoda\images103.jpg,5
data\processed\volkswagen\a20.jpg,7
data\processed\mazda\shtatnaya-magnitola-gazer-cm6508-mgh-mazda-6-mgh-2007-2013.jpg,2
data\processed\mercedes\images135.jpg,3
data\processed\lexus\images246.jpg,1
data\processed\hyundai\images302.jpg,0
data\processed\mercedes\images123.jpg,3
data\processed\mercedes\images257.jpg,3
data\processed\mercedes\mrc12.jpg,3
data\processed\mazda\HTB1ycBJFVXXXXXVXVXXq6xXFXXXG.jpg,2
data\processed\mercedes\il_570xN.1102435658_t6e1.jpg,3
data\processed\mercedes\images115.jpg,3
data\processed\volkswagen\volkswagen-logo-3d-ic-sticker-siyah-5dc0fd.jpg,7
data\processed\lexus\images27.jpg,1
data\processed\skoda\images138.jpg,5
data\processed\lexus\a8.jpg,1
data\processed\skoda\images.jpg,5
data\processed\volkswagen\images203.jpg,7
data\processed\lexus\images49.jpg,1
data\processed\volkswagen\images337.jpg,7
data\processed\volkswagen\images291.jpg,7
data\processed\hyundai\images366.jpg,0
